candidate,model,dtype,effective_graph_mode,gpu_memory_utilization,max_num_seqs,max_num_batched_tokens,case_concurrency,case_count,makespan_ms,speedup_vs_eager_c1_pilot,output_tokens_per_s,e2e_p95_ms,peak_vram_mib,failed_cases,parsed_cases,dev_accuracy,choice_differences_vs_historical,status,evidence,notes
historical_promptfix_v2,Qwen3-8B,BF16,NONE,0.80,not recorded,not recorded,1,68,NOT_COMPARABLE,,NOT_RECORDED,NOT_COMPARABLE,NOT_RECORDED,0,66,35/68,frozen source,EXISTING_PARTIAL,artifacts/hc-perf-001/baseline-metrics.json,"Reported case latency is not a full E2E P95; root-turn span 1,091.6s excludes setup/RAG prefetch."
eager_c1,Qwen3-8B,BF16,NONE,0.80,8,2048,1,24,414879.13,1.0,56.37,24923.8,36885,0,23,13/24,1,PASS,phase-b-20261009/eager-c1-rag-enabled,Observed max specialist model requests/case=3; no TEST labels.
eager_c2,Qwen3-8B,BF16,NONE,0.80,8,2048,2,24,253853.272,1.634,88.93,30453.0,36885,0,24,12/24,3,PASS,phase-b-20261009/eager-c2-rag-enabled,Observed max specialist model requests/case=3; no TEST labels.
eager_c4,Qwen3-8B,BF16,NONE,0.80,8,2048,4,24,168969.516,2.455,134.38,40049.9,36885,0,24,12/24,5,PASS,phase-b-20261009/eager-c4-rag-enabled,Observed max specialist model requests/case=3; no TEST labels.
eager_c8,Qwen3-8B,BF16,NONE,0.80,8,2048,8,24,171733.975,2.416,133.92,66224.5,36885,0,24,12/24,3,PASS,phase-b-20261009/eager-c8-rag-enabled,Observed max specialist model requests/case=3; no TEST labels.
eager_c16,Qwen3-8B,BF16,NONE,0.80,8,2048,16,24,195738.826,2.12,114.81,139957.4,36885,0,24,15/24,3,PASS,phase-b-20261009/eager-c16-rag-enabled,Observed max specialist model requests/case=3; no TEST labels.
eager_c4_maxseq16,Qwen3-8B,BF16,NONE,0.80,16,2048,4,24,177077.722,2.343,130.77,47697.2,36971,0,24,13/24,4,PASS,phase-b-20261009/eager-c4-seq16-rag-enabled,Slower than Eager C4 baseline; no additional scheduler sweep warranted from these results.
eager_c4_batched4096,Qwen3-8B,BF16,NONE,0.80,8,4096,4,24,175280.975,2.367,131.65,47066.6,37185,0,24,13/24,3,PASS,phase-b-20261009/eager-c4-batched4096-rag-enabled,Slower than Eager C4 baseline; no additional scheduler sweep warranted from these results.
graph_full_and_piecewise_c4,Qwen3-8B,BF16,FULL_AND_PIECEWISE,0.80,8,2048,4,24,174823.411,2.373,136.7,46988.6,35937,0,24,12/24,5,PASS,phase-b-20261009/graph-full-piecewise-c4-hermes,Compared with Eager C4: makespan +3.5% slower; output tokens differed; same choices on 24/24.
eager_c4_full68,Qwen3-8B,BF16,NONE,0.80,8,2048,4,68,470063.168,,130.3,44269.5,36895,0,67,38/68,5,PASS,phase-b-20261009/eager-c4-full68,First controlled full 68-case run; no comparable historical makespan.
